{
  "engine": "clarus/skt_kogpt2-base-v2.full.ce.pt",
  "prompts": [
    "오늘 날씨가",
    "인공지능의 미래는",
    "맛있는 음식을",
    "한국의 역사에서",
    "대한민국의 수도는",
    "경제 전망은"
  ],
  "cycles": 1,
  "reports": [
    {
      "wake": {
        "top1_acc": 0.0,
        "top50_acc": 0.0,
        "hard_ratio": 1.0,
        "samples": 36
      },
      "nrem": {
        "top1_acc": 0.8611111044883728,
        "top50_acc": 0.9444444179534912,
        "hard_ratio": 0.0555555559694767,
        "samples": 36
      },
      "rem": {
        "top1_acc": 0.6111111044883728,
        "top50_acc": 0.9166666865348816,
        "hard_ratio": 0.0833333358168602,
        "samples": 36
      },
      "pq": {
        "pq_centroids_mb": 0.375,
        "pq_codes_mb": 0.5859375
      }
    }
  ]
}